time,actor,id,durationOrDestinationId
1,T,0,-1
1,T,0,1
1,S,1,12
2,T,1,-1
2,T,1,2
2,S,2,5
4,T,2,-1
4,T,2,3
4,S,3,13
5,T,3,-1
5,T,3,0
5,S,0,9
7,T,4,-1
7,T,4,2
7,S,2,14
9,T,5,-1
9,T,5,4
9,S,4,11
10,T,6,-1
10,T,6,0
13,T,7,-1
13,T,7,1
13,S,1,15
14,S,0,5
17,T,8,-1
17,T,8,3
17,S,3,12
22,T,9,-1
22,T,9,0
22,S,0,13
23,T,10,-1
23,T,10,2
23,S,2,8
26,T,11,-1
26,T,11,4
26,S,4,5
31,T,12,-1
31,T,12,2
31,S,2,10
32,T,13,-1
32,T,13,1
32,S,1,14
35,T,14,-1
35,T,14,0
35,S,0,5
37,T,15,-1
37,T,15,3
37,S,3,11
42,T,16,-1
42,T,16,0
42,S,0,10
45,T,17,-1
45,T,17,2
45,S,2,13
48,T,18,-1
48,T,18,3
48,S,3,11
49,T,19,-1
49,T,19,1
49,S,1,13
53,T,20,-1
53,T,20,0
53,S,0,16
58,T,21,-1
58,T,21,2
58,S,2,15
62,T,22,-1
62,T,22,1
62,S,1,16
65,T,23,-1
65,T,23,3
65,S,3,5
67,T,24,-1
67,T,24,4
67,S,4,16
68,T,25,-1
68,T,25,0
69,S,0,9
73,T,26,-1
73,T,26,3
73,S,3,5
75,T,27,-1
75,T,27,2
75,S,2,5
77,T,28,-1
77,T,28,2
80,S,2,7
81,T,29,-1
81,T,29,0
81,S,0,5
86,T,30,-1
86,T,30,3
86,S,3,15
90,T,31,-1
90,T,31,2
90,S,2,10
91,T,32,-1
91,T,32,0
91,S,0,16
92,T,33,-1
92,T,33,1
92,S,1,10
96,T,34,-1
96,T,34,4
96,S,4,10
99,T,35,-1
99,T,35,1
102,T,36,-1
102,T,36,2
102,S,2,9
102,S,1,13
106,T,37,-1
106,T,37,3
106,S,3,15
108,T,38,-1
108,T,38,0
108,S,0,15
111,T,39,-1
111,T,39,2
111,S,2,5
116,T,40,-1
116,T,40,2
116,S,2,15
117,T,41,-1
117,T,41,1
117,S,1,5
122,T,42,-1
122,T,42,3
122,S,3,9
123,T,43,-1
123,T,43,0
123,S,0,11
125,T,44,-1
125,T,44,1
125,S,1,7
127,T,45,-1
127,T,45,4
127,S,4,9
130,T,46,-1
130,T,46,1
132,S,1,14
133,T,47,-1
133,T,47,2
133,S,2,10
138,T,48,-1
138,T,48,0
138,S,0,15
142,T,49,-1
142,T,49,3
142,S,3,6
144,T,50,-1
144,T,50,2
144,S,2,15
148,T,51,-1
148,T,51,1
148,S,1,12
152,T,52,-1
152,T,52,3
152,S,3,11
156,T,53,-1
156,T,53,0
156,S,0,16
159,T,54,-1
159,T,54,2
159,S,2,11
163,T,55,-1
163,T,55,1
163,S,1,9
165,T,56,-1
165,T,56,3
165,S,3,12
170,T,57,-1
170,T,57,2
170,S,2,10
173,T,58,-1
173,T,58,0
173,S,0,6
176,T,59,-1
176,T,59,1
176,S,1,7
177,T,60,-1
177,T,60,3
177,S,3,11
182,T,61,-1
182,T,61,0
182,S,0,14
184,T,62,-1
184,T,62,2
184,S,2,16
187,T,63,-1
187,T,63,1
187,S,1,10
192,T,64,-1
192,T,64,3
192,S,3,13
197,T,65,-1
197,T,65,1
197,S,1,13
201,T,66,-1
201,T,66,2
201,S,2,9
204,T,67,-1
204,T,67,0
204,S,0,15
208,T,68,-1
208,T,68,3
208,S,3,10
213,T,69,-1
213,T,69,1
213,S,1,10
217,T,70,-1
217,T,70,2
217,S,2,15
222,T,71,-1
222,T,71,0
222,S,0,15
226,T,72,-1
226,T,72,3
226,S,3,14
228,T,73,-1
228,T,73,1
228,S,1,11
231,T,74,-1
231,T,74,4
231,S,4,10
232,T,75,-1
232,T,75,2
232,S,2,5
236,T,76,-1
236,T,76,3
240,T,77,-1
240,T,77,1
240,S,1,7
240,S,3,16
242,T,78,-1
242,T,78,0
242,S,0,14
247,T,79,-1
247,T,79,2
247,S,2,10
248,T,80,-1
248,T,80,1
248,S,1,5
249,T,81,-1
249,T,81,4
249,S,4,7
252,T,82,-1
252,T,82,4
254,T,83,-1
254,T,83,1
254,S,1,15
256,T,84,-1
256,S,4,11
256,T,84,3
256,S,3,11
259,T,85,-1
259,T,85,0
259,S,0,6
261,T,86,-1
261,T,86,2
261,S,2,6
263,T,87,-1
263,T,87,4
264,T,88,-1
264,T,88,2
267,S,4,6
267,S,2,8
268,T,89,-1
268,T,89,0
268,S,0,8
269,T,90,-1
269,T,90,1
269,S,1,11
271,T,91,-1
271,T,91,3
271,S,3,6
273,T,92,-1
273,T,92,4
273,S,4,16
276,T,93,-1
276,T,93,0
276,S,0,6
278,T,94,-1
278,T,94,2
278,S,2,8
282,T,95,-1
282,T,95,1
282,S,1,15
285,T,96,-1
285,T,96,0
285,S,0,8
289,T,97,-1
289,T,97,2
289,S,2,9
292,T,98,-1
292,T,98,3
292,S,3,13
294,T,99,-1
294,T,99,0
294,S,0,14
298,T,100,-1
298,T,100,2
298,S,2,15
300,T,101,-1
300,T,101,1
300,S,1,11
304,T,102,-1
304,T,102,4
304,S,4,10
306,T,103,-1
306,T,103,3
306,S,3,9
309,T,104,-1
309,T,104,0
309,S,0,7
310,T,105,-1
310,T,105,0
312,T,106,-1
312,T,106,1
312,S,1,12
316,T,107,-1
316,T,107,2
316,S,2,8
316,S,0,14
319,T,108,-1
319,T,108,3
319,S,3,9
324,T,109,-1
324,T,109,1
324,S,1,8
329,T,110,-1
329,T,110,3
329,S,3,16
331,T,111,-1
331,T,111,2
331,S,2,7
332,T,112,-1
332,T,112,1
332,S,1,16
335,T,113,-1
335,T,113,0
335,S,0,8
340,T,114,-1
340,T,114,2
340,S,2,12
342,T,115,-1
342,T,115,4
342,S,4,7
347,T,116,-1
347,T,116,0
347,S,0,7
351,T,117,-1
351,T,117,3
351,S,3,5
352,T,118,-1
352,T,118,2
352,S,2,16
356,T,119,-1
356,T,119,3
356,S,3,16
361,T,120,-1
361,T,120,1
361,S,1,6
364,T,121,-1
364,T,121,0
364,S,0,9
369,T,122,-1
369,T,122,1
369,S,1,15
370,T,123,-1
370,T,123,2
370,S,2,10
372,T,124,-1
372,T,124,3
372,S,3,12
376,T,125,-1
376,T,125,0
376,S,0,6
381,T,126,-1
381,T,126,2
381,S,2,7
383,T,127,-1
383,T,127,0
383,S,0,6
384,T,128,-1
384,T,128,3
384,S,3,13
386,T,129,-1
386,T,129,1
386,S,1,12
388,T,130,-1
388,T,130,2
388,S,2,9
393,T,131,-1
393,T,131,0
393,S,0,13
394,T,132,-1
394,T,132,4
394,S,4,9
398,T,133,-1
398,T,133,1
398,S,1,9
399,T,134,-1
399,T,134,3
399,S,3,11
402,T,135,-1
402,T,135,2
402,S,2,6
405,T,136,-1
405,T,136,4
405,S,4,16
406,T,137,-1
406,T,137,0
406,S,0,11
409,T,138,-1
409,T,138,2
409,S,2,7
414,T,139,-1
414,T,139,1
414,S,1,12
417,T,140,-1
417,T,140,3
417,S,3,13
422,T,141,-1
422,T,141,0
422,S,0,14
423,T,142,-1
423,T,142,2
423,S,2,12
427,T,143,-1
427,T,143,1
427,S,1,11
429,T,144,-1
429,T,144,4
429,S,4,8
433,T,145,-1
433,T,145,3
433,S,3,5
436,T,146,-1
436,T,146,0
436,S,0,12
438,T,147,-1
438,T,147,2
438,S,2,12
440,T,148,-1
440,T,148,3
440,S,3,6
442,T,149,-1
442,T,149,1
442,S,1,16
447,T,150,-1
447,T,150,3
447,S,3,9
450,T,151,-1
450,T,151,0
450,S,0,8
451,T,152,-1
451,T,152,2
451,S,2,16
454,T,153,-1
454,T,153,4
454,S,4,7
458,T,154,-1
458,T,154,0
458,S,0,10
460,T,155,-1
460,T,155,1
460,S,1,13
465,T,156,-1
465,T,156,3
465,S,3,12
470,T,157,-1
470,T,157,2
470,S,2,14
474,T,158,-1
474,T,158,0
474,S,0,12
478,T,159,-1
478,T,159,1
478,S,1,6
483,T,160,-1
483,T,160,3
483,S,3,11
485,T,161,-1
485,T,161,2
485,S,2,8
486,T,162,-1
486,T,162,1
486,S,1,7
487,T,163,-1
487,T,163,0
487,S,0,7
492,T,164,-1
492,T,164,4
492,S,4,7
496,T,165,-1
496,T,165,0
496,S,0,12
501,T,166,-1
501,T,166,3
501,S,3,5
505,T,167,-1
505,T,167,1
505,S,1,14
509,T,168,-1
509,T,168,3
509,S,3,7
510,T,169,-1
510,T,169,0
510,S,0,7
513,T,170,-1
513,T,170,2
513,S,2,14
516,T,171,-1
516,T,171,3
516,S,3,9
521,T,172,-1
521,T,172,0
521,S,0,5
522,T,173,-1
522,T,173,1
522,S,1,12
527,T,174,-1
527,T,174,3
527,S,3,14
532,T,175,-1
532,T,175,2
532,S,2,8
534,T,176,-1
534,T,176,1
534,S,1,5
536,T,177,-1
536,T,177,0
536,S,0,14
540,T,178,-1
540,T,178,1
540,S,1,15
544,T,179,-1
544,T,179,2
544,S,2,14
549,T,180,-1
549,T,180,3
549,S,3,12
550,T,181,-1
550,T,181,0
550,S,0,9
554,T,182,-1
554,T,182,4
554,S,4,11
556,T,183,-1
556,T,183,1
556,S,1,14
560,T,184,-1
560,T,184,0
560,S,0,6
565,T,185,-1
565,T,185,2
565,S,2,14
567,T,186,-1
567,T,186,0
567,S,0,6
569,T,187,-1
569,T,187,3
569,S,3,5
572,T,188,-1
572,T,188,1
572,S,1,14
577,T,189,-1
577,T,189,3
577,S,3,5
581,T,190,-1
581,T,190,0
581,S,0,11
582,T,191,-1
582,T,191,2
582,S,2,14
584,T,192,-1
584,T,192,3
584,S,3,11
589,T,193,-1
589,T,193,1
589,S,1,13
593,T,194,-1
593,T,194,0
593,S,0,5
595,T,195,-1
595,T,195,3
595,S,3,7
598,T,196,-1
598,T,196,0
598,S,0,15
603,T,197,-1
603,T,197,2
603,S,2,8
605,T,198,-1
605,T,198,1
605,S,1,6
610,T,199,-1
610,T,199,3
610,S,3,16
615,T,200,-1
615,T,200,2
615,S,2,8
620,T,201,-1
620,T,201,1
620,S,1,11
625,T,202,-1
625,T,202,2
625,S,2,7
627,T,203,-1
627,T,203,0
627,S,0,5
632,T,204,-1
632,T,204,1
632,S,1,9
636,T,205,-1
636,T,205,0
636,S,0,13
638,T,206,-1
638,T,206,3
638,S,3,5
640,T,207,-1
640,T,207,2
640,S,2,15
645,T,208,-1
645,T,208,3
645,S,3,16
646,T,209,-1
646,T,209,1
646,S,1,8
647,T,210,-1
647,T,210,4
647,S,4,15
650,T,211,-1
650,T,211,0
650,S,0,5
655,T,212,-1
655,T,212,0
655,S,0,13
657,T,213,-1
657,T,213,1
657,S,1,5
659,T,214,-1
659,T,214,2
659,S,2,10
661,T,215,-1
661,T,215,3
661,S,3,5
664,T,216,-1
664,T,216,1
664,S,1,13
669,T,217,-1
669,T,217,0
669,S,0,16
671,T,218,-1
671,T,218,3
671,S,3,10
672,T,219,-1
672,T,219,2
672,S,2,11
673,T,220,-1
673,T,220,4
673,S,4,15
677,T,221,-1
677,T,221,1
677,S,1,8
678,T,222,-1
678,T,222,2
680,T,223,-1
680,T,223,4
683,S,2,9
684,T,224,-1
684,T,224,3
684,S,3,5
688,T,225,-1
688,S,4,8
688,T,225,1
688,S,1,15
689,T,226,-1
689,T,226,0
689,S,0,12
694,T,227,-1
694,T,227,3
694,S,3,15
699,T,228,-1
699,T,228,2
699,S,2,16
704,T,229,-1
704,T,229,1
704,S,1,11
708,T,230,-1
708,T,230,0
708,S,0,13
713,T,231,-1
713,T,231,3
713,S,3,5
714,T,232,-1
714,T,232,4
714,S,4,9
715,T,233,-1
715,T,233,2
715,S,2,16
720,T,234,-1
720,T,234,3
720,S,3,13
721,T,235,-1
721,T,235,1
721,S,1,15
724,T,236,-1
724,T,236,0
724,S,0,11
728,T,237,-1
728,T,237,4
728,S,4,10
730,T,238,-1
730,T,238,0
732,T,239,-1
732,T,239,2
732,S,2,12
733,T,240,-1
733,T,240,3
733,S,3,7
735,S,0,14
737,T,241,-1
737,T,241,1
737,S,1,5
740,T,242,-1
740,T,242,3
740,S,3,6
742,T,243,-1
742,T,243,1
742,S,1,5
746,T,244,-1
746,T,244,2
746,S,2,8
749,T,245,-1
749,T,245,1
749,S,1,5
751,T,246,-1
751,T,246,3
751,S,3,8
753,T,247,-1
753,T,247,0
753,S,0,11
757,T,248,-1
757,T,248,1
757,S,1,6
762,T,249,-1
762,T,249,2
762,S,2,15
764,T,250,-1
764,T,250,1
764,S,1,14
767,T,251,-1
767,T,251,3
767,S,3,15
770,T,252,-1
770,T,252,0
770,S,0,13
773,T,253,-1
773,T,253,4
773,S,4,6
774,T,254,-1
774,T,254,0
779,T,255,-1
779,T,255,2
779,S,2,14
780,T,256,-1
780,T,256,1
780,S,1,9
782,T,257,-1
782,T,257,3
782,S,3,7
783,S,0,10
785,T,258,-1
785,T,258,4
785,S,4,15
788,T,259,-1
788,T,259,4
789,T,260,-1
789,T,260,3
789,S,3,15
794,T,261,-1
794,T,261,0
794,S,0,13
799,T,262,-1
799,T,262,2
799,S,2,15
800,S,4,14
801,T,263,-1
801,T,263,1
801,S,1,14
805,T,264,-1
805,T,264,3
805,S,3,12
807,T,265,-1
807,T,265,0
807,S,0,6
808,T,266,-1
808,T,266,3
812,T,267,-1
812,T,267,1
815,T,268,-1
815,T,268,2
815,S,2,5
815,S,1,10
817,S,3,15
820,T,269,-1
820,T,269,2
820,S,2,10
821,T,270,-1
821,T,270,0
821,S,0,7
826,T,271,-1
826,T,271,1
826,S,1,10
828,T,272,-1
828,T,272,0
828,S,0,10
833,T,273,-1
833,T,273,3
833,S,3,12
835,T,274,-1
835,T,274,2
835,S,2,13
837,T,275,-1
837,T,275,1
837,S,1,14
840,T,276,-1
840,T,276,0
840,S,0,6
844,T,277,-1
844,T,277,4
844,S,4,15
845,T,278,-1
845,T,278,3
845,S,3,7
850,T,279,-1
850,T,279,2
850,S,2,10
853,T,280,-1
853,T,280,0
853,S,0,10
858,T,281,-1
858,T,281,1
858,S,1,9
859,T,282,-1
859,T,282,3
859,S,3,12
863,T,283,-1
863,T,283,0
863,S,0,6
865,T,284,-1
865,T,284,2
865,S,2,5
866,T,285,-1
866,T,285,4
866,S,4,13
869,T,286,-1
869,T,286,0
869,S,0,9
873,T,287,-1
873,T,287,3
873,S,3,9
874,T,288,-1
874,T,288,2
874,S,2,12
875,T,289,-1
875,T,289,1
875,S,1,14
880,T,290,-1
880,T,290,0
880,S,0,11
884,T,291,-1
884,T,291,3
884,S,3,8
889,T,292,-1
889,T,292,2
889,S,2,16
894,T,293,-1
894,T,293,0
894,S,0,8
898,T,294,-1
898,T,294,1
898,S,1,7
901,T,295,-1
901,T,295,3
901,S,3,5
906,T,296,-1
906,T,296,3
906,S,3,16
909,T,297,-1
909,T,297,2
909,S,2,8
912,T,298,-1
912,T,298,0
912,S,0,14
915,T,299,-1
915,T,299,1
915,S,1,11
918,T,300,-1
918,T,300,2
918,S,2,16
920,T,301,-1
920,T,301,4
920,S,4,14
921,T,302,-1
921,T,302,4
923,T,303,-1
923,T,303,3
923,S,3,14
928,T,304,-1
928,T,304,1
928,S,1,5
933,T,305,-1
933,T,305,0
933,S,0,15
934,S,4,8
938,T,306,-1
938,T,306,3
938,S,3,15
939,T,307,-1
939,T,307,1
939,S,1,16
944,T,308,-1
944,T,308,2
944,S,2,15
946,T,309,-1
946,T,309,4
946,S,4,9
947,T,310,-1
947,T,310,1
950,T,311,-1
950,T,311,0
950,S,0,8
955,T,312,-1
955,S,1,9
955,T,312,3
955,S,3,11
957,T,313,-1
957,T,313,4
957,S,4,16
959,T,314,-1
959,T,314,0
959,S,0,14
964,T,315,-1
964,T,315,1
964,S,1,5
966,T,316,-1
966,T,316,2
966,S,2,14
971,T,317,-1
971,T,317,3
971,S,3,5
976,T,318,-1
976,T,318,0
976,S,0,14
981,T,319,-1
981,T,319,2
981,S,2,15
986,T,320,-1
986,T,320,3
986,S,3,12
989,T,321,-1
989,T,321,1
989,S,1,13
990,T,322,-1
990,T,322,0
990,S,0,11
993,T,323,-1
993,T,323,4
993,S,4,13
998,T,324,-1
998,T,324,3
998,S,3,9
1000,T,325,-1
1000,T,325,2
1000,S,2,15
1004,T,326,-1
1004,T,326,0
1004,S,0,8
1005,T,327,-1
1005,T,327,1
1005,S,1,5
1009,T,328,-1
1009,T,328,3
1009,S,3,7
1014,T,329,-1
1014,T,329,0
1014,S,0,8
1017,T,330,-1
1017,T,330,3
1017,S,3,11
1019,T,331,-1
1019,T,331,2
1019,S,2,6
1020,T,332,-1
1020,T,332,1
1020,S,1,15
1021,T,333,-1
1021,T,333,4
1021,S,4,13
1025,T,334,-1
1025,T,334,0
1025,S,0,9
1030,T,335,-1
1030,T,335,2
1030,S,2,14
1032,T,336,-1
1032,T,336,3
1032,S,3,10
1034,T,337,-1
1034,T,337,0
1034,S,0,11
1035,T,338,-1
1035,T,338,1
1035,S,1,6
1037,T,339,-1
1037,T,339,4
1037,S,4,10
1042,T,340,-1
1042,T,340,3
1042,S,3,6
1045,T,341,-1
1045,T,341,2
1045,S,2,16
1048,T,342,-1
1048,T,342,3
1048,S,3,9
1049,T,343,-1
1049,T,343,0
1049,S,0,16
1054,T,344,-1
1054,T,344,1
1054,S,1,8
1055,T,345,-1
1055,T,345,4
1055,S,4,8
1058,T,346,-1
1058,T,346,3
1058,S,3,10
1062,T,347,-1
1062,T,347,2
1062,S,2,13
1066,T,348,-1
1066,T,348,0
1066,S,0,8
1071,T,349,-1
1071,T,349,3
1071,S,3,10
1074,T,350,-1
1074,T,350,0
1074,S,0,10
1076,T,351,-1
1076,T,351,1
1076,S,1,12
1080,T,352,-1
1080,T,352,2
1080,S,2,9
1084,T,353,-1
1084,T,353,0
1084,S,0,11
1088,T,354,-1
1088,T,354,3
1088,S,3,15
1092,T,355,-1
1092,T,355,2
1092,S,2,14
1093,T,356,-1
1093,T,356,1
1093,S,1,13
1095,T,357,-1
1095,T,357,0
1095,S,0,15
1096,T,358,-1
1096,T,358,4
1096,S,4,5
1101,T,359,-1
1101,T,359,4
1101,S,4,16
1105,T,360,-1
1105,T,360,3
1105,S,3,14
1109,T,361,-1
1109,T,361,1
1109,S,1,10
1111,T,362,-1
1111,T,362,0
1111,S,0,13
1114,T,363,-1
1114,T,363,2
1114,S,2,13
1115,T,364,-1
1115,T,364,4
1116,T,365,-1
1116,T,365,3
1117,T,366,-1
1117,S,4,10
1117,T,366,4
1118,T,367,-1
1118,T,367,2
1119,T,368,-1
1119,S,3,6
1119,T,368,1
1119,S,1,13
1121,T,369,-1
1121,T,369,0
1124,S,0,8
1126,T,370,-1
1126,T,370,3
1126,S,3,8
1127,S,4,7
1127,S,2,15
1128,T,371,-1
1128,T,371,1
1130,T,372,-1
1130,T,372,0
1131,T,373,-1
1131,T,373,3
1132,S,1,8
1132,S,0,14
1134,T,374,-1
1134,S,3,7
1134,T,374,4
1134,S,4,16
1136,T,375,-1
1136,T,375,1
1138,T,376,-1
1138,T,376,3
1139,T,377,-1
1139,T,377,0
1140,S,1,13
1141,T,378,-1
1141,S,3,5
1141,T,378,4
1145,T,379,-1
1145,T,379,2
1145,S,2,12
1146,S,0,15
1147,T,380,-1
1147,T,380,3
1147,S,3,7
1150,S,4,8
1151,T,381,-1
1151,T,381,0
1156,T,382,-1
1156,T,382,3
1156,S,3,5
1158,T,383,-1
1158,T,383,1
1158,S,1,14
1161,T,384,-1
1161,S,0,13
1161,T,384,2
1161,S,2,14
1166,T,385,-1
1166,T,385,3
1166,S,3,11
1168,T,386,-1
1168,T,386,4
1168,S,4,12
1171,T,387,-1
1171,T,387,1
1172,S,1,9
1174,T,388,-1
1174,T,388,0
1174,S,0,7
1175,T,389,-1
1175,T,389,2
1175,S,2,11
1180,T,390,-1
1180,T,390,3
1180,S,3,5
1184,T,391,-1
1184,T,391,1
1184,S,1,6
1188,T,392,-1
1188,T,392,2
1188,S,2,14
1192,T,393,-1
1192,T,393,3
1192,S,3,7
1195,T,394,-1
1195,T,394,1
1195,S,1,9
1197,T,395,-1
1197,T,395,0
1197,S,0,11
1201,T,396,-1
1201,T,396,3
1201,S,3,9
1205,T,397,-1
1205,T,397,1
1205,S,1,13
1206,T,398,-1
1206,T,398,2
1206,S,2,5
1207,T,399,-1
1207,T,399,4
1207,S,4,13
1208,T,400,-1
1208,T,400,0
1208,S,0,14
1211,T,401,-1
1211,T,401,2
1211,S,2,9
1213,T,402,-1
1213,T,402,3
1213,S,3,13
1217,T,403,-1
1217,T,403,4
1218,T,404,-1
1218,T,404,1
1218,S,1,11
1220,S,4,16
1221,T,405,-1
1221,T,405,2
1221,S,2,12
1226,T,406,-1
1226,T,406,3
1226,S,3,8
1228,T,407,-1
1228,T,407,0
1228,S,0,5
1230,T,408,-1
1230,T,408,1
1230,S,1,9
1231,T,409,-1
1231,T,409,4
1235,T,410,-1
1235,T,410,2
1235,S,2,16
1236,S,4,13
1237,T,411,-1
1237,T,411,3
1237,S,3,13
1238,T,412,-1
1238,T,412,0
1238,S,0,11
1241,T,413,-1
1241,T,413,1
1241,S,1,7
1245,T,414,-1
1245,T,414,1
1248,T,415,-1
1248,S,1,6
1248,T,415,3
1250,S,3,16
1252,T,416,-1
1252,T,416,0
1252,S,0,7
1257,T,417,-1
1257,T,417,2
1257,S,2,11
1261,T,418,-1
1261,T,418,0
1261,S,0,10
1263,T,419,-1
1263,T,419,1
1263,S,1,11
1264,T,420,-1
1264,T,420,4
1264,S,4,5
1267,T,421,-1
1267,T,421,3
1267,S,3,15
1270,T,422,-1
1270,T,422,2
1270,S,2,13
1271,T,423,-1
1271,T,423,0
1271,S,0,8
1275,T,424,-1
1275,T,424,1
1275,S,1,7
1278,T,425,-1
1278,T,425,4
1278,S,4,9
1283,T,426,-1
1283,T,426,3
1283,S,3,8
1287,T,427,-1
1287,T,427,1
1287,S,1,15
1290,T,428,-1
1290,T,428,2
1290,S,2,14
1291,T,429,-1
1291,T,429,0
1291,S,0,13
1292,T,430,-1
1292,T,430,3
1292,S,3,7
1293,T,431,-1
1293,T,431,4
1293,S,4,12
1297,T,432,-1
1297,T,432,4
1301,T,433,-1
1301,T,433,3
1301,S,3,16
1305,T,434,-1
1305,S,4,6
1305,T,434,2
1305,S,2,9
1309,T,435,-1
1309,T,435,0
1309,S,0,7
1312,T,436,-1
1312,T,436,1
1312,S,1,13
1313,T,437,-1
1313,T,437,4
1313,S,4,6
1317,T,438,-1
1317,T,438,0
1317,S,0,9
1319,T,439,-1
1319,T,439,3
1319,S,3,10
1320,T,440,-1
1320,T,440,2
1320,S,2,9
1321,T,441,-1
1321,T,441,4
1321,S,4,12
1326,T,442,-1
1326,T,442,1
1326,S,1,15
1331,T,443,-1
1331,T,443,2
1331,S,2,8
1332,T,444,-1
1332,T,444,0
1332,S,0,15
1333,T,445,-1
1333,T,445,3
1333,S,3,11
1337,T,446,-1
1337,T,446,4
1337,S,4,6
1340,T,447,-1
1340,T,447,2
1340,S,2,14
1342,T,448,-1
1342,T,448,1
1342,S,1,9
1347,T,449,-1
1347,T,449,3
1347,S,3,11
1349,T,450,-1
1349,T,450,0
1349,S,0,10
1350,T,451,-1
1350,T,451,4
1350,S,4,8
1355,T,452,-1
1355,T,452,2
1355,S,2,10
1359,T,453,-1
1359,T,453,1
1359,S,1,15
1361,T,454,-1
1361,T,454,3
1361,S,3,9
1363,T,455,-1
1363,T,455,0
1363,S,0,14
1367,T,456,-1
1367,T,456,2
1367,S,2,5
1371,T,457,-1
1371,T,457,3
1371,S,3,12
1373,T,458,-1
1373,T,458,2
1373,S,2,5
1377,T,459,-1
1377,T,459,1
1377,S,1,7
1379,T,460,-1
1379,T,460,2
1379,S,2,7
1384,T,461,-1
1384,T,461,1
1384,S,1,10
1385,T,462,-1
1385,T,462,3
1385,S,3,12
1388,T,463,-1
1388,T,463,0
1388,S,0,9
1391,T,464,-1
1391,T,464,2
1391,S,2,15
1393,T,465,-1
1393,T,465,4
1393,S,4,13
1397,T,466,-1
1397,T,466,3
1397,S,3,10
1399,T,467,-1
1399,T,467,1
1399,S,1,16
1403,T,468,-1
1403,T,468,0
1403,S,0,9
1404,T,469,-1
1404,T,469,3
1407,T,470,-1
1407,S,3,16
1407,T,470,2
1407,S,2,16
1410,T,471,-1
1410,T,471,4
1410,S,4,10
1412,T,472,-1
1412,T,472,0
1412,S,0,10
1416,T,473,-1
1416,T,473,1
1416,S,1,11
1417,T,474,-1
1417,T,474,0
1419,T,475,-1
1419,T,475,4
1420,T,476,-1
1420,S,4,5
1420,T,476,1
1421,T,477,-1
1421,T,477,3
1422,S,0,11
1423,S,3,5
1425,T,478,-1
1425,T,478,2
1425,S,2,14
1426,T,479,-1
1426,T,479,4
1426,S,4,8
1427,S,1,14
1429,T,480,-1
1429,T,480,3
1429,S,3,9
1430,T,481,-1
1430,T,481,3
1435,T,482,-1
1435,T,482,0
1435,S,0,14
1438,T,483,-1
1438,S,3,12
1438,T,483,4
1438,S,4,12
1443,T,484,-1
1443,T,484,2
1443,S,2,13
1447,T,485,-1
1447,T,485,1
1447,S,1,9
1451,T,486,-1
1451,T,486,3
1451,S,3,5
1452,T,487,-1
1452,T,487,0
1452,S,0,7
1454,T,488,-1
1454,T,488,4
1454,S,4,9
1457,T,489,-1
1457,T,489,2
1457,S,2,6
1460,T,490,-1
1460,T,490,1
1460,S,1,13
1462,T,491,-1
1462,T,491,3
1462,S,3,15
1465,T,492,-1
1465,T,492,0
1465,S,0,9
1470,T,493,-1
1470,T,493,2
1470,S,2,15
1474,T,494,-1
1474,T,494,0
1474,S,0,13
1477,T,495,-1
1477,T,495,3
1477,S,3,15
1482,T,496,-1
1482,T,496,1
1482,S,1,5
1487,T,497,-1
1487,T,497,0
1487,S,0,16
1492,T,498,-1
1492,T,498,3
1492,S,3,7
1497,T,499,-1
1497,T,499,2
1497,S,2,13
1500,T,500,-1
1500,T,500,3
1500,S,3,16
1503,T,501,-1
1503,T,501,0
1503,S,0,8
1508,T,502,-1
1508,T,502,1
1508,S,1,11
1511,T,503,-1
1511,T,503,2
1511,S,2,13
1516,T,504,-1
1516,T,504,0
1516,S,0,12
1519,T,505,-1
1519,T,505,1
1519,S,1,5
1522,T,506,-1
1522,T,506,3
1522,S,3,15
1523,T,507,-1
1523,T,507,4
1523,S,4,9
1528,T,508,-1
1528,T,508,1
1528,S,1,7
1530,T,509,-1
1530,T,509,2
1530,S,2,11
1535,T,510,-1
1535,T,510,0
1535,S,0,13
1539,T,511,-1
1539,T,511,1
1539,S,1,15
1542,T,512,-1
1542,T,512,2
1542,S,2,12
1543,T,513,-1
1543,T,513,3
1543,S,3,7
1545,T,514,-1
1545,T,514,4
1545,S,4,10
1546,T,515,-1
1546,T,515,2
1547,T,516,-1
1547,T,516,4
1551,T,517,-1
1551,T,517,3
1551,S,3,13
1554,S,2,7
1555,S,4,13
1556,T,518,-1
1556,T,518,0
1556,S,0,7
1561,T,519,-1
1561,T,519,1
1561,S,1,15
1562,T,520,-1
1562,T,520,2
1562,S,2,8
1563,T,521,-1
1563,T,521,0
1563,S,0,9
1564,T,522,-1
1564,T,522,3
1564,S,3,13
1566,T,523,-1
1566,T,523,2
1567,T,524,-1
1567,T,524,3
1570,T,525,-1
1570,S,2,5
1570,T,525,4
1570,S,4,15
1572,T,526,-1
1572,T,526,0
1572,S,0,9
1574,T,527,-1
1574,T,527,0
1576,T,528,-1
1576,T,528,2
1576,S,2,16
1577,S,3,10
1579,T,529,-1
1579,T,529,1
1579,S,1,16
1581,S,0,11
1582,T,530,-1
1582,T,530,0
1586,T,531,-1
1586,T,531,4
1586,S,4,9
1587,T,532,-1
1587,T,532,3
1587,S,3,15
1591,T,533,-1
1591,T,533,3
1592,T,534,-1
1592,S,0,8
1592,T,534,2
1592,S,2,8
1595,T,535,-1
1595,T,535,1
1595,S,1,12
1598,T,536,-1
1598,T,536,4
1598,S,4,10
1602,T,537,-1
1602,T,537,0
1602,S,0,7
1602,S,3,15
1607,T,538,-1
1607,T,538,2
1607,S,2,7
1608,T,539,-1
1608,T,539,1
1608,S,1,10
1611,T,540,-1
1611,T,540,0
1611,S,0,11
1615,T,541,-1
1615,T,541,2
1615,S,2,12
1616,T,542,-1
1616,T,542,4
1616,S,4,9
1620,T,543,-1
1620,T,543,3
1620,S,3,14
1623,T,544,-1
1623,T,544,1
1623,S,1,13
1628,T,545,-1
1628,T,545,0
1628,S,0,10
1632,T,546,-1
1632,T,546,2
1632,S,2,16
1635,T,547,-1
1635,T,547,3
1635,S,3,8
1637,T,548,-1
1637,T,548,1
1637,S,1,16
1641,T,549,-1
1641,T,549,0
1641,S,0,15
1643,T,550,-1
1643,T,550,3
1643,S,3,14
1646,T,551,-1
1646,T,551,4
1646,S,4,8
1647,T,552,-1
1647,T,552,3
1652,T,553,-1
1652,T,553,2
1652,S,2,10
1654,T,554,-1
1654,T,554,1
1654,S,1,10
1657,T,555,-1
1657,S,3,7
1657,T,555,0
1657,S,0,8
1662,T,556,-1
1662,T,556,2
1662,S,2,7
1663,T,557,-1
1663,T,557,4
1663,S,4,16
1665,T,558,-1
1665,T,558,0
1665,S,0,6
1670,T,559,-1
1670,T,559,2
1670,S,2,11
1674,T,560,-1
1674,T,560,3
1674,S,3,14
1676,T,561,-1
1676,T,561,0
1676,S,0,14
1681,T,562,-1
1681,T,562,1
1681,S,1,5
1684,T,563,-1
1684,T,563,2
1684,S,2,5
1686,T,564,-1
1686,T,564,1
1686,S,1,10
1691,T,565,-1
1691,T,565,0
1691,S,0,13
1692,T,566,-1
1692,T,566,2
1692,S,2,15
1696,T,567,-1
1696,T,567,3
1696,S,3,16
1699,T,568,-1
1699,T,568,1
1699,S,1,10
1701,T,569,-1
1701,T,569,4
1701,S,4,8
1705,T,570,-1
1705,T,570,0
1705,S,0,13
1708,T,571,-1
1708,T,571,2
1708,S,2,7
1710,T,572,-1
1710,T,572,1
1710,S,1,15
1714,T,573,-1
1714,T,573,3
1714,S,3,11
1718,T,574,-1
1718,T,574,0
1718,S,0,7
1719,T,575,-1
1719,T,575,2
1719,S,2,9
1724,T,576,-1
1724,T,576,4
1724,S,4,6
1726,T,577,-1
1726,T,577,3
1726,S,3,14
1728,T,578,-1
1728,T,578,0
1728,S,0,5
1733,T,579,-1
1733,T,579,2
1733,S,2,14
1737,T,580,-1
1737,T,580,1
1737,S,1,16
1738,T,581,-1
1738,T,581,0
1738,S,0,6
1740,T,582,-1
1740,T,582,3
1740,S,3,9
1743,T,583,-1
1743,T,583,4
1743,S,4,6
1746,T,584,-1
1746,T,584,0
1746,S,0,8
1747,T,585,-1
1747,T,585,2
1747,S,2,9
1748,T,586,-1
1748,T,586,4
1749,S,4,9
1750,T,587,-1
1750,T,587,3
1750,S,3,14
1753,T,588,-1
1753,T,588,1
1753,S,1,6
1754,T,589,-1
1754,T,589,0
1754,S,0,15
1757,T,590,-1
1757,T,590,2
1757,S,2,6
1759,T,591,-1
1759,T,591,1
1759,S,1,13
1764,T,592,-1
1764,T,592,2
1764,S,2,11
1765,T,593,-1
1765,T,593,3
1765,S,3,14
1769,T,594,-1
1769,T,594,0
1769,S,0,14
1774,T,595,-1
1774,T,595,1
1774,S,1,14
1777,T,596,-1
1777,T,596,2
1777,S,2,9
1780,T,597,-1
1780,T,597,3
1780,S,3,10
1784,T,598,-1
1784,T,598,0
1784,S,0,6
1788,T,599,-1
1788,T,599,2
1788,S,2,5
1791,T,600,-1
1791,T,600,0
1791,S,0,12
1793,T,601,-1
1793,T,601,1
1793,S,1,8
1798,T,602,-1
1798,T,602,3
1798,S,3,8
1802,T,603,-1
1802,T,603,2
1802,S,2,7
1806,T,604,-1
1806,T,604,3
1806,S,3,10
1809,T,605,-1
1809,T,605,2
1809,S,2,6
1813,T,606,-1
1813,T,606,1
1813,S,1,13
1817,T,607,-1
1817,T,607,3
1817,S,3,14
1820,T,608,-1
1820,T,608,2
1820,S,2,12
1824,T,609,-1
1824,T,609,0
1824,S,0,10
1825,T,610,-1
1825,T,610,4
1825,S,4,14
1828,T,611,-1
1828,T,611,1
1828,S,1,14
1832,T,612,-1
1832,T,612,2
1832,S,2,11
1836,T,613,-1
1836,T,613,3
1836,S,3,11
1841,T,614,-1
1841,T,614,0
1841,S,0,5
1842,T,615,-1
1842,T,615,1
1842,S,1,10
1846,T,616,-1
1846,T,616,0
1846,S,0,12
1847,T,617,-1
1847,T,617,2
1847,S,2,11
1851,T,618,-1
1851,T,618,3
1851,S,3,8
1855,T,619,-1
1855,T,619,1
1855,S,1,11
1860,T,620,-1
1860,T,620,0
1860,S,0,9
1862,T,621,-1
1862,T,621,2
1862,S,2,16
1867,T,622,-1
1867,T,622,1
1867,S,1,6
1872,T,623,-1
1872,T,623,0
1872,S,0,12
1873,T,624,-1
1873,T,624,1
1873,S,1,12
1874,T,625,-1
1874,T,625,3
1874,S,3,7
1878,T,626,-1
1878,T,626,2
1878,S,2,11
1880,T,627,-1
1880,T,627,4
1880,S,4,6
1885,T,628,-1
1885,T,628,3
1885,S,3,14
1888,T,629,-1
1888,T,629,0
1888,S,0,10
1890,T,630,-1
1890,T,630,2
1890,S,2,8
1893,T,631,-1
1893,T,631,1
1893,S,1,5
1894,T,632,-1
1894,T,632,4
1894,S,4,9
1897,T,633,-1
1897,T,633,1
1898,S,1,13
1900,T,634,-1
1900,T,634,2
1900,S,2,7
1901,T,635,-1
1901,T,635,0
1901,S,0,14
1902,T,636,-1
1902,T,636,3
1902,S,3,9
1904,T,637,-1
1904,T,637,4
1904,S,4,14
1906,T,638,-1
1906,T,638,0
1907,T,639,-1
1907,T,639,2
1907,S,2,10
1910,T,640,-1
1910,T,640,4
1911,T,641,-1
1911,T,641,3
1911,S,3,15
1912,T,642,-1
1912,T,642,1
1912,S,1,14
1915,S,0,7
1917,T,643,-1
1917,T,643,2
1917,S,2,5
1918,S,4,6
1922,T,644,-1
1922,T,644,2
1922,S,2,14
1926,T,645,-1
1926,T,645,1
1926,S,1,9
1930,T,646,-1
1930,T,646,0
1930,S,0,11
1935,T,647,-1
1935,T,647,1
1935,S,1,8
1938,T,648,-1
1938,T,648,3
1938,S,3,16
1941,T,649,-1
1941,T,649,2
1941,S,2,8
1946,T,650,-1
1946,T,650,1
1946,S,1,7
1951,T,651,-1
1951,T,651,0
1951,S,0,5
1953,T,652,-1
1953,T,652,2
1953,S,2,8
1958,T,653,-1
1958,T,653,0
1958,S,0,16
1959,T,654,-1
1959,T,654,1
1959,S,1,9
1963,T,655,-1
1963,T,655,3
1963,S,3,12
1966,T,656,-1
1966,T,656,2
1966,S,2,7
1971,T,657,-1
1971,T,657,1
1971,S,1,14
1976,T,658,-1
1976,T,658,2
1976,S,2,6
1978,T,659,-1
1978,T,659,0
1978,S,0,6
1979,T,660,-1
1979,T,660,3
1979,S,3,10
1984,T,661,-1
1984,T,661,2
1984,S,2,13
1987,T,662,-1
1987,T,662,0
1987,S,0,7
1989,T,663,-1
1989,T,663,1
1989,S,1,14
1993,T,664,-1
1993,T,664,3
1993,S,3,9
1995,T,665,-1
1995,T,665,0
1995,S,0,6
1999,T,666,-1
1999,T,666,2
1999,S,2,14
2001,T,667,-1
2001,T,667,0
2001,S,0,6
2002,T,668,-1
2002,T,668,3
2002,S,3,9
2003,T,669,-1
2003,T,669,1
2003,S,1,12
2004,T,670,-1
2004,T,670,4
2004,S,4,6
2008,T,671,-1
2008,T,671,0
2008,S,0,14
2010,T,672,-1
2010,T,672,4
2010,S,4,15
2011,T,673,-1
2011,T,673,3
2011,S,3,5
2012,T,674,-1
2012,T,674,2
2013,S,2,8
2015,T,675,-1
2015,T,675,1
2015,S,1,6
2020,T,676,-1
2020,T,676,3
2020,S,3,13
2024,T,677,-1
2024,T,677,1
2024,S,1,7
2026,T,678,-1
2026,T,678,2
2026,S,2,16
2031,T,679,-1
2031,T,679,0
2031,S,0,7
2035,T,680,-1
2035,T,680,1
2035,S,1,5
2036,T,681,-1
2036,T,681,3
2036,S,3,11
2038,T,682,-1
2038,T,682,0
2038,S,0,16
2039,T,683,-1
2039,T,683,4
2039,S,4,6
2043,T,684,-1
2043,T,684,2
2043,S,2,10
2044,T,685,-1
2044,T,685,1
2044,S,1,11
2045,T,686,-1
2045,T,686,4
2045,S,4,6
2048,T,687,-1
2048,T,687,3
2048,S,3,16
2051,T,688,-1
2051,T,688,4
2051,S,4,8
2055,T,689,-1
2055,T,689,2
2055,S,2,6
2056,T,690,-1
2056,T,690,1
2056,S,1,6
2059,T,691,-1
2059,T,691,0
2059,S,0,16
2061,T,692,-1
2061,T,692,2
2061,S,2,10
2065,T,693,-1
2065,T,693,1
2065,S,1,11
2070,T,694,-1
2070,T,694,3
2070,S,3,6
2072,T,695,-1
2072,T,695,2
2072,S,2,15
2073,T,696,-1
2073,T,696,4
2073,S,4,13
2078,T,697,-1
2078,T,697,3
2078,S,3,14
2080,T,698,-1
2080,T,698,0
2080,S,0,16
2081,T,699,-1
2081,T,699,1
2081,S,1,5
2082,T,700,-1
2082,T,700,1
2083,T,701,-1
2083,T,701,2
2086,S,1,12
2087,T,702,-1
2087,S,2,9
2087,T,702,4
2087,S,4,16
2092,T,703,-1
2092,T,703,3
2092,S,3,13
2097,T,704,-1
2097,T,704,2
2097,S,2,14
2099,T,705,-1
2099,T,705,1
2099,S,1,12
2100,T,706,-1
2100,T,706,0
2100,S,0,16
2104,T,707,-1
2104,T,707,4
2104,S,4,10
2106,T,708,-1
2106,T,708,3
2106,S,3,16
2111,T,709,-1
2111,T,709,1
2111,S,1,6
2114,T,710,-1
2114,T,710,2
2114,S,2,8
2118,T,711,-1
2118,T,711,1
2118,S,1,16
2120,T,712,-1
2120,T,712,0
2120,S,0,16
2122,T,713,-1
2122,T,713,3
2122,S,3,13
2124,T,714,-1
2124,T,714,2
2124,S,2,10
2129,T,715,-1
2129,T,715,4
2129,S,4,15
2132,T,716,-1
2132,T,716,0
2136,S,0,13
2137,T,717,-1
2137,T,717,2
2137,S,2,7
2142,T,718,-1
2142,T,718,3
2142,S,3,9
2143,T,719,-1
2143,T,719,1
2143,S,1,6
2147,T,720,-1
2147,T,720,2
2147,S,2,13
2148,T,721,-1
2148,T,721,4
2148,S,4,7
2152,T,722,-1
2152,T,722,1
2152,S,1,12
2153,T,723,-1
2153,T,723,0
2153,S,0,10
2154,T,724,-1
2154,T,724,3
2154,S,3,11
2158,T,725,-1
2158,T,725,4
2158,S,4,9
2162,T,726,-1
2162,T,726,2
2162,S,2,9
2167,T,727,-1
2167,T,727,1
2167,S,1,12
2171,T,728,-1
2171,T,728,0
2171,S,0,13
2176,T,729,-1
2176,T,729,2
2176,S,2,15
2177,T,730,-1
2177,T,730,3
2177,S,3,6
2179,T,731,-1
2179,T,731,1
2179,S,1,16
2184,T,732,-1
2184,T,732,3
2184,S,3,13
2187,T,733,-1
2187,T,733,0
2187,S,0,16
2190,T,734,-1
2190,T,734,4
2190,S,4,12
2191,T,735,-1
2191,T,735,2
2191,S,2,5
2196,T,736,-1
2196,T,736,1
2196,S,1,10
2201,T,737,-1
2201,T,737,2
2201,S,2,13
2205,T,738,-1
2205,T,738,0
2205,S,0,14
2208,T,739,-1
2208,T,739,3
2208,S,3,5
2209,T,740,-1
2209,T,740,1
2209,S,1,11
2212,T,741,-1
2212,T,741,4
2212,S,4,15
2216,T,742,-1
2216,T,742,2
2216,S,2,14
2218,T,743,-1
2218,T,743,3
2218,S,3,13
2219,T,744,-1
2219,T,744,0
2219,S,0,15
2224,T,745,-1
2224,T,745,1
2224,S,1,15
2229,T,746,-1
2229,T,746,4
2229,S,4,5
2231,T,747,-1
2231,T,747,3
2231,S,3,6
2234,T,748,-1
2234,T,748,0
2234,S,0,11
2235,T,749,-1
2235,T,749,2
2235,S,2,6
2237,T,750,-1
2237,T,750,3
2237,S,3,8
2241,T,751,-1
2241,T,751,2
2241,S,2,14
2245,T,752,-1
2245,T,752,1
2245,S,1,12
2250,T,753,-1
2250,T,753,0
2250,S,0,11
2254,T,754,-1
2254,T,754,3
2254,S,3,16
2256,T,755,-1
2256,T,755,2
2256,S,2,13
2261,T,756,-1
2261,T,756,0
2261,S,0,15
2262,T,757,-1
2262,T,757,1
2262,S,1,14
2266,T,758,-1
2266,T,758,4
2266,S,4,9
2269,T,759,-1
2269,T,759,2
2269,S,2,6
2274,T,760,-1
2274,T,760,3
2274,S,3,10
2278,T,761,-1
2278,T,761,1
2278,S,1,13
2282,T,762,-1
2282,T,762,0
2282,S,0,15
2287,T,763,-1
2287,T,763,2
2287,S,2,12
2290,T,764,-1
2290,T,764,3
2290,S,3,8
2294,T,765,-1
2294,T,765,1
2294,S,1,15
2295,T,766,-1
2295,T,766,4
2295,S,4,9
2298,T,767,-1
2298,T,767,3
2298,S,3,7
2302,T,768,-1
2302,T,768,2
2302,S,2,8
2305,T,769,-1
2305,T,769,3
2305,S,3,6
2307,T,770,-1
2307,T,770,0
2307,S,0,15
2309,T,771,-1
2309,T,771,1
2309,S,1,12
2314,T,772,-1
2314,T,772,3
2314,S,3,11
2316,T,773,-1
2316,T,773,2
2316,S,2,14
2318,T,774,-1
2318,T,774,4
2318,S,4,6
2320,T,775,-1
2320,T,775,4
2324,S,4,8
2325,T,776,-1
2325,T,776,0
2325,S,0,12
2328,T,777,-1
2328,T,777,1
2328,S,1,9
2331,T,778,-1
2331,T,778,3
2331,S,3,7
2332,T,779,-1
2332,T,779,2
2332,S,2,13
2337,T,780,-1
2337,T,780,0
2337,S,0,15
2342,T,781,-1
2342,T,781,1
2342,S,1,10
2346,T,782,-1
2346,T,782,3
2346,S,3,13
2350,T,783,-1
2350,T,783,2
2350,S,2,10
2351,T,784,-1
2351,T,784,4
2351,S,4,5
2356,T,785,-1
2356,T,785,0
2356,S,0,11
2359,T,786,-1
2359,T,786,1
2359,S,1,7
2364,T,787,-1
2364,T,787,3
2364,S,3,10
2367,T,788,-1
2367,T,788,2
2367,S,2,15
2372,T,789,-1
2372,T,789,1
2372,S,1,6
2376,T,790,-1
2376,T,790,0
2376,S,0,7
2379,T,791,-1
2379,T,791,1
2379,S,1,9
2380,T,792,-1
2380,T,792,3
2380,S,3,5
2381,T,793,-1
2381,T,793,4
2381,S,4,15
2386,T,794,-1
2386,T,794,3
2386,S,3,13
2388,T,795,-1
2388,T,795,1
2388,S,1,13
2390,T,796,-1
2390,T,796,2
2390,S,2,14
2395,T,797,-1
2395,T,797,0
2395,S,0,13
2398,T,798,-1
2398,T,798,4
2398,S,4,15
2402,T,799,-1
2402,T,799,3
2402,S,3,13
2405,T,800,-1
2405,T,800,1
2405,S,1,13
2407,T,801,-1
2407,T,801,2
2407,S,2,14
2411,T,802,-1
2411,T,802,0
2411,S,0,12
2413,T,803,-1
2413,T,803,4
2413,S,4,9
2414,T,804,-1
2414,T,804,1
2418,S,1,7
2419,T,805,-1
2419,T,805,3
2419,S,3,16
2424,T,806,-1
2424,T,806,0
2424,S,0,13
2428,T,807,-1
2428,T,807,2
2428,S,2,9
2429,T,808,-1
2429,T,808,1
2429,S,1,11
2431,T,809,-1
2431,T,809,4
2431,S,4,16
2435,T,810,-1
2435,T,810,3
2435,S,3,11
2437,T,811,-1
2437,T,811,2
2437,S,2,8
2442,T,812,-1
2442,T,812,0
2442,S,0,11
2444,T,813,-1
2444,T,813,1
2444,S,1,5
2445,T,814,-1
2445,T,814,2
2445,S,2,10
2447,T,815,-1
2447,T,815,3
2447,S,3,5
2452,T,816,-1
2452,T,816,1
2452,S,1,5
2453,T,817,-1
2453,T,817,0
2453,S,0,8
2456,T,818,-1
2456,T,818,2
2456,S,2,11
2459,T,819,-1
2459,T,819,1
2459,S,1,9
2460,T,820,-1
2460,T,820,3
2460,S,3,6
2462,T,821,-1
2462,T,821,0
2462,S,0,13
2463,T,822,-1
2463,T,822,4
2463,S,4,15
2467,T,823,-1
2467,T,823,3
2467,S,3,8
2470,T,824,-1
2470,T,824,2
2470,S,2,7
2471,T,825,-1
2471,T,825,1
2471,S,1,14
2472,T,826,-1
2472,T,826,2
2477,T,827,-1
2477,S,2,7
2477,T,827,3
2477,S,3,10
2479,T,828,-1
2479,T,828,0
2479,S,0,12
2483,T,829,-1
2483,T,829,4
2483,S,4,11
2484,T,830,-1
2484,T,830,2
2484,S,2,7
2489,T,831,-1
2489,T,831,3
2489,S,3,10
2492,T,832,-1
2492,T,832,1
2492,S,1,8
2495,T,833,-1
2495,T,833,2
2495,S,2,7
2498,T,834,-1
2498,T,834,0
2498,S,0,13
2502,T,835,-1
2502,T,835,2
2502,S,2,16
2506,T,836,-1
2506,T,836,1
2506,S,1,5
2511,T,837,-1
2511,T,837,3
2511,S,3,14
2513,T,838,-1
2513,T,838,1
2513,S,1,9
2515,T,839,-1
2515,T,839,0
2515,S,0,12
2520,T,840,-1
2520,T,840,2
2520,S,2,5
2521,T,841,-1
2521,T,841,4
2521,S,4,16
2525,T,842,-1
2525,T,842,3
2525,S,3,8
2528,T,843,-1
2528,T,843,0
2528,S,0,8
2529,T,844,-1
2529,T,844,1
2529,S,1,9
2531,T,845,-1
2531,T,845,2
2531,S,2,6
2534,T,846,-1
2534,T,846,3
2534,S,3,13
2539,T,847,-1
2539,T,847,1
2539,S,1,9
2541,T,848,-1
2541,T,848,2
2541,S,2,6
2545,T,849,-1
2545,T,849,0
2545,S,0,9
2546,T,850,-1
2546,T,850,4
2546,S,4,6
2548,T,851,-1
2548,T,851,3
2548,S,3,5
2549,T,852,-1
2549,T,852,1
2549,S,1,12
2553,T,853,-1
2553,T,853,2
2553,S,2,11
2555,T,854,-1
2555,T,854,0
2555,S,0,13
2559,T,855,-1
2559,T,855,3
2559,S,3,5
2564,T,856,-1
2564,T,856,2
2564,S,2,8
2569,T,857,-1
2569,T,857,0
2569,S,0,15
2572,T,858,-1
2572,T,858,2
2572,S,2,7
2574,T,859,-1
2574,T,859,1
2574,S,1,13
2576,T,860,-1
2576,T,860,3
2576,S,3,16
2581,T,861,-1
2581,T,861,2
2581,S,2,8
2583,T,862,-1
2583,T,862,4
2583,S,4,12
2585,T,863,-1
2585,T,863,0
2585,S,0,14
2586,T,864,-1
2586,T,864,2
2589,T,865,-1
2589,T,865,1
2589,S,1,9
2589,S,2,16
2590,T,866,-1
2590,T,866,4
2594,T,867,-1
2594,T,867,3
2594,S,3,13
2595,S,4,5
2598,T,868,-1
2598,T,868,1
2598,S,1,11
2599,T,869,-1
2599,T,869,0
2599,S,0,5
2604,T,870,-1
2604,T,870,0
2604,S,0,13
2608,T,871,-1
2608,T,871,2
2608,S,2,13
2610,T,872,-1
2610,T,872,1
2610,S,1,10
2611,T,873,-1
2611,T,873,3
2611,S,3,11
2612,T,874,-1
2612,T,874,4
2612,S,4,16
2616,T,875,-1
2616,T,875,4
2621,T,876,-1
2621,T,876,1
2621,S,1,14
2622,T,877,-1
2622,T,877,3
2622,S,3,13
2623,T,878,-1
2623,T,878,0
2623,S,0,16
2624,T,879,-1
2624,T,879,2
2624,S,2,13
2626,T,880,-1
2626,T,880,0
2628,S,4,15
2629,T,881,-1
2629,T,881,4
2632,T,882,-1
2632,T,882,3
2634,T,883,-1
2634,T,883,1
2635,T,884,-1
2635,S,1,6
2635,S,3,14
2635,T,884,1
2638,T,885,-1
2638,T,885,2
2638,S,2,14
2639,S,0,5
2641,S,1,15
2642,T,886,-1
2642,T,886,1
2643,S,4,5
2644,T,887,-1
2644,T,887,0
2644,S,0,15
2647,T,888,-1
2647,T,888,2
2651,T,889,-1
2651,T,889,3
2651,S,3,15
2652,S,2,9
2656,T,890,-1
2656,T,890,4
2656,S,4,8
2656,S,1,12
2659,T,891,-1
2659,T,891,0
2659,S,0,15
2664,T,892,-1
2664,T,892,2
2664,S,2,15
2667,T,893,-1
2667,T,893,3
2667,S,3,15
2672,T,894,-1
2672,T,894,1
2672,S,1,11
2677,T,895,-1
2677,T,895,0
2677,S,0,5
2680,T,896,-1
2680,T,896,2
2680,S,2,9
2685,T,897,-1
2685,T,897,1
2685,S,1,10
2688,T,898,-1
2688,T,898,0
2688,S,0,9
2693,T,899,-1
2693,T,899,3
2693,S,3,7
2697,T,900,-1
2697,T,900,1
2697,S,1,9
2700,T,901,-1
2700,T,901,2
2700,S,2,11
2702,T,902,-1
2702,T,902,3
2702,S,3,5
2706,T,903,-1
2706,T,903,1
2706,S,1,13
2711,T,904,-1
2711,T,904,0
2711,S,0,14
2716,T,905,-1
2716,T,905,3
2716,S,3,9
2719,T,906,-1
2719,T,906,2
2719,S,2,16
2724,T,907,-1
2724,T,907,1
2724,S,1,10
2726,T,908,-1
2726,T,908,3
2726,S,3,11
2729,T,909,-1
2729,T,909,0
2729,S,0,7
2732,T,910,-1
2732,T,910,4
2732,S,4,13
2736,T,911,-1
2736,T,911,1
2736,S,1,9
2740,T,912,-1
2740,T,912,0
2740,S,0,16
2741,T,913,-1
2741,T,913,3
2741,S,3,11
2745,T,914,-1
2745,T,914,1
2745,S,1,13
2747,T,915,-1
2747,T,915,2
2747,S,2,14
2749,T,916,-1
2749,T,916,4
2749,S,4,11
2752,T,917,-1
2752,T,917,3
2752,S,3,5
2753,T,918,-1
2753,T,918,1
2755,T,919,-1
2755,T,919,2
2756,T,920,-1
2756,T,920,0
2756,S,0,10
2757,T,921,-1
2757,T,921,3
2757,S,3,16
2758,S,1,9
2759,T,922,-1
2759,T,922,0
2761,S,2,6
2764,T,923,-1
2764,T,923,4
2764,S,4,5
2766,S,0,5
2769,T,924,-1
2769,T,924,2
2769,S,2,14
2771,T,925,-1
2771,T,925,0
2771,S,0,9
2772,T,926,-1
2772,T,926,1
2772,S,1,9
2777,T,927,-1
2777,T,927,3
2777,S,3,7
2779,T,928,-1
2779,T,928,4
2779,S,4,8
2780,T,929,-1
2780,T,929,0
2780,S,0,11
2783,T,930,-1
2783,T,930,2
2783,S,2,15
2784,T,931,-1
2784,T,931,1
2784,S,1,11
2789,T,932,-1
2789,T,932,3
2789,S,3,6
2793,T,933,-1
2793,T,933,0
2793,S,0,16
2798,T,934,-1
2798,T,934,1
2798,S,1,10
2800,T,935,-1
2800,T,935,3
2800,S,3,14
2801,T,936,-1
2801,T,936,2
2801,S,2,13
2804,T,937,-1
2804,T,937,4
2804,S,4,5
2808,T,938,-1
2808,T,938,1
2808,S,1,11
2812,T,939,-1
2812,T,939,0
2812,S,0,9
2814,T,940,-1
2814,T,940,3
2814,S,3,14
2817,T,941,-1
2817,T,941,2
2817,S,2,5
2818,T,942,-1
2818,T,942,4
2818,S,4,10
2820,T,943,-1
2820,T,943,1
2820,S,1,16
2822,T,944,-1
2822,T,944,0
2822,S,0,11
2826,T,945,-1
2826,T,945,2
2826,S,2,9
2829,T,946,-1
2829,T,946,3
2829,S,3,5
2834,T,947,-1
2834,T,947,3
2834,S,3,12
2836,T,948,-1
2836,T,948,1
2836,S,1,13
2840,T,949,-1
2840,T,949,2
2840,S,2,12
2842,T,950,-1
2842,T,950,0
2842,S,0,14
2843,T,951,-1
2843,T,951,4
2843,S,4,5
2844,T,952,-1
2844,T,952,4
2846,T,953,-1
2846,T,953,3
2846,S,3,14
2848,T,954,-1
2848,S,4,5
2848,T,954,1
2849,S,1,15
2850,T,955,-1
2850,T,955,4
2853,T,956,-1
2853,S,4,10
2853,T,956,2
2853,S,2,11
2858,T,957,-1
2858,T,957,0
2858,S,0,10
2862,T,958,-1
2862,T,958,3
2862,S,3,12
2864,T,959,-1
2864,T,959,1
2864,S,1,13
2868,T,960,-1
2868,T,960,0
2868,S,0,7
2869,T,961,-1
2869,T,961,2
2869,S,2,10
2871,T,962,-1
2871,T,962,4
2871,S,4,16
2872,T,963,-1
2872,T,963,3
2874,S,3,15
2877,T,964,-1
2877,T,964,0
2877,S,0,16
2879,T,965,-1
2879,T,965,1
2879,S,1,6
2884,T,966,-1
2884,T,966,2
2884,S,2,9
2886,T,967,-1
2886,T,967,1
2886,S,1,5
2888,T,968,-1
2888,T,968,4
2888,S,4,6
2892,T,969,-1
2892,T,969,1
2892,S,1,7
2895,T,970,-1
2895,T,970,3
2895,S,3,14
2900,T,971,-1
2900,T,971,1
2900,S,1,5
2904,T,972,-1
2904,T,972,0
2904,S,0,7
2908,T,973,-1
2908,T,973,2
2908,S,2,10
2912,T,974,-1
2912,T,974,1
2912,S,1,13
2914,T,975,-1
2914,T,975,3
2914,S,3,9
2917,T,976,-1
2917,T,976,0
2917,S,0,5
2921,T,977,-1
2921,T,977,2
2921,S,2,7
2923,T,978,-1
2923,T,978,3
2923,S,3,6
2926,T,979,-1
2926,T,979,1
2926,S,1,14
2927,T,980,-1
2927,T,980,0
2927,S,0,12
2929,T,981,-1
2929,T,981,3
2929,S,3,12
2934,T,982,-1
2934,T,982,2
2934,S,2,14
2937,T,983,-1
2937,T,983,4
2937,S,4,15
2938,T,984,-1
2938,T,984,3
2940,T,985,-1
2940,T,985,0
2940,S,0,13
2941,S,3,5
2943,T,986,-1
2943,T,986,1
2943,S,1,7
2945,T,987,-1
2945,T,987,2
2946,T,988,-1
2946,T,988,3
2946,S,3,6
2948,S,2,16
2949,T,989,-1
2949,T,989,1
2950,S,1,11
2952,T,990,-1
2952,T,990,3
2952,S,3,12
2955,T,991,-1
2955,T,991,0
2955,S,0,14
2959,T,992,-1
2959,T,992,4
2959,S,4,10
2964,T,993,-1
2964,T,993,1
2964,S,1,13
2969,T,994,-1
2969,T,994,3
2969,S,3,7
2974,T,995,-1
2974,T,995,0
2974,S,0,7
2979,T,996,-1
2979,T,996,2
2979,S,2,5
2983,T,997,-1
2983,T,997,1
2983,S,1,10
2985,T,998,-1
2985,T,998,2
2985,S,2,8
2988,T,999,-1
2988,T,999,0
2988,S,0,16
